<?xml version="1.0" encoding="UTF-8"?>
<Root VersionMajor="1" VersionMinor="15">
  <GenAppInfo Name="Vivado" Version="2024.2" CL="5239630" TimeStamp="Sat Feb  7 13:03:46 2026"/>
  <DSA Vendor="xilinx" BoardId="zcu102" Name="" VersionMajor="0" VersionMinor="0" Description="Vivado generated Hardware Platform" FeatureRomTimestamp="0" DcpLogicFunctionStripped="false" DcpEncrypt="false" Unified="true" Fixed="true" DefaultOutputType="hw_export">
    <Build UsesPR="false" PlatformState="pre_synth" AcceleratorBinaryContent="bitstream" ValidBinaryContentValues="dcp,bitstream" TopModuleName="design_1_wrapper"/>
    <Board Name="xilinx.com:zcu102:3.4" Vendor="xilinx.com" Part="xczu9eg-ffvb1156-2-e" BoardPart="xilinx.com:zcu102:part0:3.4">
      <Images>
        <Img Type="HDPI" File="zcu102_board.jpeg"/>
        <Img Type="MDPI" File=""/>
        <Img Type="LDPI" File=""/>
      </Images>
    </Board>
    <Devices>
      <Device Name="fpga0" Type="8" FpgaDevice="zynquplus:xczu9eg:ffvb1156:-2:e">
        <Core Name="OCL_REGION_0" Type="clc_region" ComputeUnits="60">
          <AvailableResources LUT="210620" REG="485729" BRAM="879" DSP="1986"/>
        </Core>
      </Device>
    </Devices>
    <Files>
      <File Type="FULL_BIT" Name="design_1_wrapper.bit"/>
    </Files>
  </DSA>
</Root>
