<?xml version="1.0"?>
<Project Version="1" Minor="7" DIGEST="">
	<TOOL_VERSION Version="2024.2"/>
	<MODE Name="Post-Synthesis"/>
	<SYSTEMINFO BOARD="xilinx.com:zcu102:3.4" PART="xczu9eg-ffvb1156-2-e" ARCH="zynquplus" PACKAGE="ffvb1156" DEVICE="xczu9eg" SPEED="-2"/>
	<PART Name="xczu9eg-ffvb1156-2-e">
		<SSIT IS_SSIT="0"/>
		<NUM_OF_SLRS Value="1"/>
	</PART>
	<HIERARCHY Name="design_1_wrapper"/>
	<File Type="HW_HANDOFF" Name="design_1.hwh" src_db="design_1.hwdef" DESIGN_HIERARCHY="design_1_i" BD_TYPE="DEFAULT_BD">
	</File>
	<File Type="BDA" Name="design_1.bda" src_db="design_1.hwdef">
	</File>
	<File Type="HW_HANDOFF" Name="design_1_axi_smc_1_0.hwh" src_db="design_1_axi_smc_1_0.hwdef" DESIGN_HIERARCHY="design_1_axi_smc_1_0" BD_TYPE="SCOPED_BD">
	</File>
	<File Type="PS_FSBL_INIT" Name="psu_init.c" src_db="design_1_zynq_ultra_ps_e_0_0.hwdef">
	</File>
	<File Type="PS_FSBL_INIT" Name="psu_init.h" src_db="design_1_zynq_ultra_ps_e_0_0.hwdef">
	</File>
	<File Type="PS_FSBL_INIT_GPL" Name="psu_init_gpl.c" src_db="design_1_zynq_ultra_ps_e_0_0.hwdef">
	</File>
	<File Type="PS_FSBL_INIT_GPL" Name="psu_init_gpl.h" src_db="design_1_zynq_ultra_ps_e_0_0.hwdef">
	</File>
	<File Type="PS_INIT_HELP" Name="psu_init.html" src_db="design_1_zynq_ultra_ps_e_0_0.hwdef">
	</File>
	<File Type="PS_XMD_INIT" Name="psu_init.tcl" src_db="design_1_zynq_ultra_ps_e_0_0.hwdef">
	</File>
	<File Type="BIT" Name="conv_engine_design.bit" src_db="temp.hdf">
	</File>
	<DRIVERS>
		<DRIVER IP_VLNV="user:hls:conv_engine:1.0">
			<File PATH="drivers/conv_engine_v1_0/data/conv_engine.mdd"/>
			<File PATH="drivers/conv_engine_v1_0/data/conv_engine.tcl"/>
			<File PATH="drivers/conv_engine_v1_0/data/conv_engine.yaml"/>
			<File PATH="drivers/conv_engine_v1_0/src/CMakeLists.txt"/>
			<File PATH="drivers/conv_engine_v1_0/src/Makefile"/>
			<File PATH="drivers/conv_engine_v1_0/src/xconv_engine.c"/>
			<File PATH="drivers/conv_engine_v1_0/src/xconv_engine.h"/>
			<File PATH="drivers/conv_engine_v1_0/src/xconv_engine_hw.h"/>
			<File PATH="drivers/conv_engine_v1_0/src/xconv_engine_linux.c"/>
			<File PATH="drivers/conv_engine_v1_0/src/xconv_engine_sinit.c"/>
		</DRIVER>
	</DRIVERS>
	<USEDRESOURCES/>
	<DESIGN_DATA Type="rm">
		<DESIGN_IDS DESIGN_ID="0" PARENT_ID="0" NODE_ID="0"/>
	</DESIGN_DATA>
</Project>

